<?xml version="1.0" encoding="UTF-8"?>
<addons>
<addon id="plugin.video.birdguides" name="Bird Guides" version="0.0.9" provider-name="Bromerzz">
	<requires>
		<import addon="xbmc.python" version="2.19.0" />
		<import addon="script.module.universalscrapers" version="1.0.0" />
        <import addon="script.module.python.koding.aio" version="0.0.1"/>
	</requires>
	<extension point="xbmc.python.pluginsource" library="default.py">
		<provides>video</provides>
	</extension>
	<extension point="xbmc.addon.metadata">
		<summary lang="en">BTO and Birding Identification</summary>
		<description lang="en">Birding videos from Youtube created by Organisations and Birders around the world</description>
		<platform>all</platform>
		<forum>http://www.noobsandnerds.com/support</forum>
		<website>www.noobsandnerds.com</website>
		<news></news>
		<genre>documentary,uk</genre>
		<video_guide></video_guide>
		<video_preview></video_preview>
	</extension>
</addon>

<addon id="plugin.video.tomsoperacollection" name="Toms Opera Collection" version="0.0.99" provider-name="Bromerzz">
	<requires>
		<import addon="xbmc.python" version="2.19.0" />
		<import addon="script.module.universalscrapers" version="1.0.0" />
        <import addon="script.module.python.koding.aio" version="0.0.1"/>
	</requires>
	<extension point="xbmc.python.pluginsource" library="default.py">
		<provides>video</provides>
	</extension>
	<extension point="xbmc.addon.metadata">
		<summary lang="en">Opera collection</summary>
		<description lang="en">Youtube streams of Opera Music</description>
		<platform>all</platform>
		<forum>http://www.noobsandnerds.com/support</forum>
		<website>www.noobsandnerds.com</website>
		<news></news>
		<genre>music,uk</genre>
		<video_guide></video_guide>
		<video_preview></video_preview>
	</extension>
</addon>

<addon id="plugin.video.fishingstreams" name="Fishing Streams" version="0.0.52" provider-name="Bromerzz">
	<requires>
		<import addon="xbmc.python" version="2.19.0" />
		<import addon="script.module.universalscrapers" version="1.0.0" />
        <import addon="script.module.python.koding.aio" version="0.0.1"/>
	</requires>
	<extension point="xbmc.python.pluginsource" library="default.py">
		<provides>video</provides>
	</extension>
	<extension point="xbmc.addon.metadata">
		<summary lang="en">Compilation of YouTube Fishing</summary>
		<description lang="en">Fishing For All</description>
		<platform>all</platform>
		<forum>http://www.noobsandnerds.com/support</forum>
		<website>www.noobsandnerds.com</website>
		<news></news>
		<genre>sports,canadian,uk,usa</genre>
		<video_guide></video_guide>
		<video_preview></video_preview>
	</extension>
</addon>

<addon id="plugin.video.toms.bagpipes" name="Toms Bagpipe Collection" version="0.0.48" provider-name="Bromerzz">
	<requires>
		<import addon="xbmc.python" version="2.19.0" />
		<import addon="script.module.universalscrapers" version="1.0.0" />
        <import addon="script.module.python.koding.aio" version="0.0.1"/>
	</requires>
	<extension point="xbmc.python.pluginsource" library="default.py">
		<provides>video</provides>
	</extension>
	<extension point="xbmc.addon.metadata">
		<summary lang="en">You tube Bagpipe music</summary>
		<description lang="en">Collection of Bagpipe and Military music</description>
		<platform>all</platform>
		#<forum>http://www.noobsandnerds.com/support</forum>
		#<website>www.noobsandnerds.com</website>
		<news></news>
		<genre>music</genre>
		<video_guide></video_guide>
		<video_preview></video_preview>
	</extension>
</addon>

<addon id="plugin.video.tomsballetcollection" name="Toms Ballet Collection" version="0.0.56" provider-name="Bromerzz">
	<requires>
		<import addon="xbmc.python" version="2.19.0" />
		<import addon="script.module.universalscrapers" version="1.0.0" />
        <import addon="script.module.python.koding.aio" version="0.0.1"/>
	</requires>
	<extension point="xbmc.python.pluginsource" library="default.py">
		<provides>video</provides>
	</extension>
	<extension point="xbmc.addon.metadata">
		<summary lang="en">Ballets from YT</summary>
		<description lang="en">Ballet content from YT</description>
		<platform>all</platform>
		<forum>http://www.noobsandnerds.com/support</forum>
		<website>www.noobsandnerds.com</website>
		<news></news>
		<genre>music</genre>
		<video_guide></video_guide>
		<video_preview></video_preview>
	</extension>
</addon>

<addon id="plugin.video.classicalmusictom" name="Toms Classical Music Collection" version="0.0.110" provider-name="Bromerzz">
	<requires>
		<import addon="xbmc.python" version="2.19.0" />
		<import addon="script.module.universalscrapers" version="1.0.0" />
        <import addon="script.module.python.koding.aio" version="0.0.1"/>
	</requires>
	<extension point="xbmc.python.pluginsource" library="default.py">
		<provides>video</provides>
	</extension>
	<extension point="xbmc.addon.metadata">
		<summary lang="en">Classical Music for Tom</summary>
		<description lang="en">Toms classical Music collection</description>
		<platform>all</platform>
		<forum>http://www.noobsandnerds.com/support</forum>
		<website>www.noobsandnerds.com</website>
		<news></news>
		<genre>music,uk</genre>
		<video_guide></video_guide>
		<video_preview></video_preview>
	</extension>
</addon>
</addons>
