<?xml version="1.0" encoding="UTF-8" standalone="yes"?>
<addon id="repository.bromcy" name="Bromerzz Repository" version="0.0.12" provider-name="bromerzz">
	<extension point="xbmc.addon.repository" name="repository.bromcy">
		<dir>
			<info compressed="false">https://raw.githubusercontent.com/noobsandnerds/modules4all/master/zips/addons.xml</info>
			<checksum>https://raw.githubusercontent.com/noobsandnerds/modules4all/master/zips/addons.xml.md5</checksum>
			<datadir zip="true">https://raw.githubusercontent.com/noobsandnerds/modules4all/master/zips/</datadir>
		</dir>
		<info compressed="false">https://raw.githubusercontent.com/bromerzz/repository.bromcy/master/zips/addons.xml</info>
		<checksum>https://raw.githubusercontent.com/bromerzz/repository.bromcy/master/zips/addons.xml.md5</checksum>
		<datadir zip="true">https://raw.githubusercontent.com/bromerzz/repository.bromcy/master/zips/</datadir>
	</extension>
	<extension point="xbmc.addon.metadata">
		<summary lang="en">Media player add on repo</summary>
		<description lang="en">Media player add on repo for my creations!</description>
		<genre>sports,uk</genre>
	</extension>
</addon>